"                                                             Average Published Tuition and Fees at Public Institutions by State in Current Dollars and in 2023 Dollars, 2004-05 to 2023-24",Unnamed: 1,Unnamed: 2,Unnamed: 3,Unnamed: 4,Unnamed: 5,Unnamed: 6,Unnamed: 7,Unnamed: 8,Unnamed: 9,Unnamed: 10,Unnamed: 11,Unnamed: 12,Unnamed: 13,Unnamed: 14,Unnamed: 15,Unnamed: 16,Unnamed: 17,Unnamed: 18,Unnamed: 19,Unnamed: 20,Unnamed: 21,Unnamed: 22,Unnamed: 23,Unnamed: 24,Unnamed: 25,Unnamed: 26,Unnamed: 27,Unnamed: 28,Unnamed: 29,Unnamed: 30,Unnamed: 31,Unnamed: 32,Unnamed: 33,Unnamed: 34,Unnamed: 35,Unnamed: 36,Unnamed: 37,Unnamed: 38,Unnamed: 39,Unnamed: 40,Unnamed: 41,Unnamed: 42,Unnamed: 43,Unnamed: 44,Unnamed: 45,Unnamed: 46
,Public Two-Year In-District Tuition and Fees,,,,,,,,,,,,,,,,,,,,,,Public Four-Year In-State Tuition and Fees,,,,,,,,,,,,,,,,,,,,,,,
In 2023 Dollars,2004-05,2005-06,2006-07,  2007-08 ,2008-09,2009-10,2010-11,2011-12,2012-13,2013-14,2014-15,2015-16,2016-17,2017-18,2018-19,2019-20,2020-21,2021-22,2022-23,2023-24,1-Year % Change,5-Year % Change,In 2023 Dollars,2004-05,2005-06,2006-07,  2007-08 ,2008-09,2009-10,2010-11,2011-12,2012-13,2013-14,2014-15,2015-16,2016-17,2017-18,2018-19,2019-20,2020-21,2021-22,2022-23,2023-24,1-Year % Change,5-Year % Change,
Alabama,4416.565208046585,4274.965779569891,4226.324342013889,4143.207600365578,4026.940575026822,4047.0207214839393,4792.357151717906,5451.949838622915,5445.309780743398,5449.609664707092,5498.724704060639,5566.67713749978,5599.925575423913,5589.481266318537,5797.782130788817,5797.011993242638,5824.6528373610145,5563.288280954501,5203.607142857142,5072.1766537556005,-0.025257573351199825,-0.12515224971630567,Alabama,7301.57957781895,7488.236761136711,7442.335686259919,7734.774174552188,8477.171552649055,9247.278415028642,10340.664114608171,10878.067495965572,11633.888362282984,12025.94749104283,12246.632271813482,12574.920535057256,12847.612958630525,13287.494528190273,13125.024772150498,13065.787971271613,12993.61613815473,12796.10058033516,12209.209752466033,11890.061418202122,-0.026139966528091585,-0.09409226842518414,Alabama
Alaska,,,,,,,,,,,,,,,,,,,,,,,Alaska,5561.180897961884,5939.540366999487,6362.2413102678565,6526.768825780593,6644.807058192407,7016.3564604240755,7378.575058585866,7416.555204410973,7705.752710763346,7725.814128010929,7929.81504493262,8649.469559535668,9082.144606899163,9282.53138870757,9524.68435509006,9848.75776176979,10174.461691411165,9949.401728032028,9429.714234797788,9162.659295897583,-0.028320576027077382,-0.03800913979884357,Alaska
Arizona,2255.2328939915296,2383.3325701484887,2518.197562003968,2486.809545822843,2586.61685612834,2734.126714972242,2775.555985733022,2924.4748386229153,2935.7785608508925,3063.6699256984157,3139.623611324917,3192.9584156234755,3260.1304708667394,3243.895377774151,3145.0334168524964,3113.9943581655707,2669.3073665807565,2923.9629567884276,2725.7028054535913,2882.267546159578,0.057440136317404855,-0.08354946859543722,Arizona,6602.182154843832,6943.296068356372,7090.394822172619,7314.406012891743,7931.7235170898675,9342.787533851968,11325.222124706495,12827.717388380848,12957.919165134976,13230.312908093316,13430.221882245878,13720.777379645915,13928.129370943432,13986.179686480089,14060.439036865217,14209.839343909185,13955.936147807277,13340.7272236628,12731.909877772248,12582.526777648729,-0.01173296870285867,-0.10511138772704987,Arizona
Arkansas,3033.9601172578077,3100.5246313364046,3178.086682167658,3153.4987004562504,3261.324712614315,3389.8609636100064,3541.3233269206066,3620.584144701452,3721.6720957429193,3946.3552712128558,4103.689100993383,4390.448280586273,4501.253885959677,4504.023966832571,4469.971824213708,4488.684496116734,4592.539375742392,4387.003635437136,4303.437228915663,4354.946734305643,0.011969386945829719,-0.025732844508096653,Arkansas,7416.526839465324,7798.289224270351,8061.266171378968,8258.39065662046,8400.467922648544,8524.545232290933,8841.387030854457,9046.701802044108,9317.500468762248,9519.697618729808,9809.612597224743,10170.727016098162,10517.401219258341,10667.425184603459,10597.263321728296,10808.898352430087,10726.841090174677,10439.902492909809,9904.496373892023,9733.973701560326,-0.01721669289325911,-0.08146344900177283,Arkansas
California,1308.132217046056,1268.3964400921654,1098.2982137896824,933.6598116879358,900.557433709702,1164.6410459501158,1148.651011781377,1521.3795185583645,1890.1405525623488,1870.6137361007895,1844.8395307233031,1835.374774107116,1817.0044481537216,1771.6659370920363,1739.2256148684507,1708.0920556746955,1687.5732697076796,1611.8482692043924,1497.639245873164,1435.9502725794998,-0.041190809778557824,-0.17437377859219816,California,6791.602290232926,7087.360849206347,6900.771511780753,7302.606204845134,7721.498753384763,9337.085496907292,10497.74459485178,12145.203967186657,11969.558143287713,11917.0647760405,11847.795160348018,11957.739760847633,11853.43682528672,12226.9902700718,12026.714343535952,11787.743327144823,11726.131281239546,11222.258265200633,10818.591796274082,10641.455590086805,-0.016373314524010696,-0.11518181224564361,California
Colorado,3590.887694812069,3739.4206159754212,3604.359883928571,3626.965998326436,3622.1158611352366,3945.8095657159365,4378.618386790548,4614.443329747175,4764.646058150473,4916.239538641866,5038.245392365501,5260.385716504385,5434.953731739472,5389.85693537859,5492.336380347303,5622.279196345102,5651.755767663355,5415.178346396845,5089.671258907363,5117.620384366228,0.005491341982048814,-0.06822524514738126,Colorado,6043.635601773424,6932.334617639527,7239.05949751984,8016.494591664978,8227.174536351095,8937.942910779957,9926.925349680814,10702.680580957502,11243.60564071796,11941.171223015404,11991.945105420624,12578.146433713435,13107.519845175888,13487.11885913022,13588.707811254817,13646.881494460897,13568.521247530758,13282.54143070976,12733.087697810004,12702.97388662976,-0.0023650046159208182,-0.06518161527407706,Colorado
Connecticut,3895.2550918475376,3971.1770025601627,4053.3878829365076,4171.232144476276,4238.585776324528,4561.629555740967,4779.734613126902,4744.9638246369,4792.618539900867,4970.236834909445,4994.245264046793,5223.405287723495,5335.740737031861,5377.380414694842,5364.350731610162,5394.045408813852,5334.640268541375,5095.263617896673,4953.299999999999,4972,0.00377526093715308,-0.0731403950338636,Connecticut,10257.828870301746,10576.23402022529,10823.698557167658,11171.468268127053,11417.477369335307,12054.106101045505,12590.280992382688,12531.327097902096,12834.041031668943,13431.938587141049,13752.829993022298,14417.78672627846,15011.150581336891,15196.402192803524,15520.518231815391,16321.471480767863,16804.60941734076,16831.88009606548,16490.000473497657,16403.363186233393,-0.00525392873114261,0.05688244047213997,Connecticut
Delaware,4061.5393510224794,4195.762350296172,4334.870468385114,4419.178337525614,4623.016456819367,4872.292518299299,5012.266720407938,5190.220805244169,5129.4790319035665,5316.888866713657,5546.832664586184,5695.082601756675,5775.455410302966,5888.917762728459,5912.928855527722,5915.356744428505,5843.78514012039,5581.066811245171,5219.775,4995,-0.04306220095693769,-0.15524097751820454,Delaware,10732.188696532556,11039.746793394774,11230.250934647816,11516.612653490367,11776.848080263626,12846.689236355498,13496.298762359207,14191.384642280795,14529.706234919027,14780.40372694445,14849.889991107195,15065.236909197405,15200.6923985056,15196.402192803524,15499.623485966431,15879.634615669987,16062.082835827785,15688.775459416955,14828.742949660113,14775.427154142937,-0.003595435951528003,-0.04672347895929152,Delaware
District of Columbia,,,,,,,,,,,,,,,,,,,,,,,District of Columbia,4079.818300688194,3946.122258064515,4869.526610863095,5560.659541964483,5355.049724109742,7654.98459822781,9817.530015225444,9517.119419042494,9649.174180945492,9524.318076404657,9479.505951788677,9575.36138325521,9995.073050666313,10056.075671099868,10050.152196872248,10100.96158494049,10204.741715656188,9746.833258924209,9024.61843093093,8635.998498498499,-0.04306220095693769,-0.14070967988065441,District of Columbia
Florida,2881.7764187400735,3005.003417946748,3080.9995472470237,2995.6762678328555,3255.642962243907,3639.3250799395905,3889.1443903171653,4058.3716379774064,4117.282909069922,4123.909175740802,4102.533088980096,4173.316512683455,4120.230868358316,4042.392701533942,3953.6504636233226,3873.2139489437714,3822.6841201546767,3659.2154839996715,3388.337408491947,3242.47900131001,-0.043047190877857244,-0.17987717145373527,Florida,4944.351226310217,5031.305879032257,5028.810191592262,4994.268755727252,5433.173791702855,6152.49786330563,7060.206585234984,7646.325658956427,8305.163033986079,8290.198479146358,8182.833881706182,8206.55310269892,8097.277084425182,7935.067154862923,7737.782698667773,7613.5946869384225,7521.777777767009,7184.291203607267,6650.6884482406995,6364.323621894133,-0.04305792228507088,-0.1775003421858966,Florida
Georgia,3359.3741960031757,3457.5547403993846,3391.9817762896823,3126.9491323513803,2988.600694834721,3700.6219770948596,3927.0120060901777,4248.714026358257,4415.656047740794,4498.758083280123,4649.857029706944,4746.3295697446365,4803.54411221313,4728.601339140012,4630.13862992341,4857.458200716494,4740.196304649673,4543.688822468726,4169.346729151955,4033.96674584323,-0.0324703106033738,-0.12875897067687614,Georgia,5522.325485574377,5759.459390937019,5929.900162574404,6166.874680359019,6325.208599856945,7138.950254734614,8235.505178486259,9922.276788596018,10042.120948391506,10269.984881008082,10398.472543708347,10899.166849346619,10723.137188260265,10704.854746654699,10405.45136247921,10514.409668785527,10475.179800612235,10028.115383799573,8664.125014369154,8306.421506106206,-0.04128558944725624,-0.20172405629051815,Georgia
Hawaii,2360.466302541027,2388.030334741423,2627.4205887896824,2870.303307337635,3113.5992029837016,3482.5190639609946,3800.786620180136,4031.1798682087137,4125.275046712893,4269.438639656537,4511.391237649354,4727.433647371766,4898.354640026579,4803.460463242493,4774.675313458287,4806.7624893040365,4746.862278250095,4533.860475684339,4199.517970304608,4018.677483545079,-0.0430622009569378,-0.15833491918964437,Hawaii,5481.851097670725,5466.632064644135,6412.301864211308,7399.954621229658,8271.208101721759,9462.530309690168,10459.876979078766,11377.036471221085,11472.713586483094,11911.149518732458,12526.093351077256,13128.521750492171,13571.59547855206,13237.588445455285,13154.803781692986,13136.38212890171,12997.284740628356,12414.068941236168,11602.081805975158,11102.470627727425,-0.04306220095693769,-0.15601396934720613,Hawaii
Idaho,2910.9179780307036,2937.6687921146945,3002.1162501240074,3085.6498041882487,3170.4167066877835,3446.881333056768,3581.995951269398,3794.611471221086,4147.919436701307,4853.627619746155,4843.314225840265,4995.578904762929,5117.170603932151,5115.373480336161,5104.853827855944,5010.193509882784,4933.95916846681,4712.561930656763,4389.057154471544,4200.054693274205,-0.04306220095693769,-0.17724290745495386,Idaho,5813.741078480677,6141.544244495646,6304.5958239087295,6463.34485753007,6551.058177080671,6965.038127921989,7475.347854450231,7725.181791285636,7977.485390624318,8303.810840810316,8524.216596542105,8797.913883201763,8936.186841729346,9045.477495716383,9245.659469573742,9568.067070005454,9443.686361276466,9029.415992996006,8553.941953621697,8598.041233324759,0.005155433593325931,-0.07004565097602944,Idaho
Illinois,3221.7612771307563,3362.0335270097275,3490.585897693452,3598.9414542157397,3688.876427987533,3890.2147055053433,4221.5379065469415,4285.422915545992,4327.742533668126,4454.85243256854,4577.934381345013,4836.584763584281,4964.104800852983,5065.4673976011745,5040.061843483351,5011.215510934047,5179.6434929659035,4987.773915329083,4682.108543282277,4577.315225638849,-0.022381650633405692,-0.09181367852515931,Illinois,10513.62700185283,10826.781465181768,12223.87708110119,13420.806677011891,14234.20511546518,14839.551148519833,15384.069533858272,15812.014120494887,16208.055139942679,16515.51140248246,16523.718453283225,16808.847069390667,17125.776916115265,17092.833336733027,17050.690742223665,16982.73656527021,17074.937209021115,16554.110020087868,15687.825860507246,15362.03804347826,-0.02076691951617904,-0.09903720173422015,Illinois
Indiana,4183.432733721545,4271.8339365079355,4371.955044394841,4429.352945495847,4455.912727992642,4674.244785398322,4826.017254627251,4810.224072081764,4875.203962211555,5000.413713765564,5397.41146863031,5579.118286782055,5680.797134404379,5714.246473156005,5723.765960132658,5747.890768493706,5869.573003867674,5640.021570653742,5280.9627565686615,5318.472943668365,0.007102906956320876,-0.07080880303060111,Indiana,9466.149842906298,9638.24702316948,9943.846396949404,10140.460040054593,10258.40029377203,10895.167092040067,11203.204251660121,11343.046759010218,11608.57992641358,11717.361280124349,11669.612384399947,11767.13752366288,11780.146582699943,11702.976401354437,11554.49172474637,11592.926370116253,11594.750429264623,11215.03731768794,10549.158828313206,10371.154347792732,-0.01687380798957383,-0.10241362451446256,Indiana
Iowa,4727.408507146638,4838.6975307219645,4857.3907189980155,4913.145075406815,4988.5768252184125,5275.809683061662,5486.596774223134,5589.268275954813,5662.4295200440765,5759.810625949807,5843.456638363584,6111.3696234528325,6260.571443401562,6325.595986659594,6483.606094272739,6556.970450688575,6698.560099178202,6530.00135273754,6316.509792886087,6289.734353894642,-0.004238961051180601,-0.02990183819917025,Iowa,8753.80061580201,8798.913082565281,8950.220250496031,9171.40080422683,9137.67503320901,9568.017993166679,10034.918179848293,10281.208149542763,10431.071647016035,10289.008470043917,10147.531414231438,10164.290843788347,10537.536602585005,10929.432118962139,11059.235320351603,11207.479045854032,11076.589690724773,10911.352560074603,10570.341695955261,10567.220722732478,-0.00029525755293013933,-0.04448902508781072,Iowa
Kansas,2860.7297370301744,2893.822989247311,2862.553493675595,2843.7537392327645,2818.148183722474,3023.50508991456,3199.1122806756057,3211.3480096826247,3352.701741225815,3339.218539466614,3460.651989153143,3585.8003546082027,3755.3768070042374,3780.3857671752608,3828.3840499004477,3863.540097533984,3882.262602064632,3822.5034168020047,3633.5815832054095,3583.759283076796,-0.013711622812845325,-0.06389765593919794,Kansas,6867.694139491793,7358.2652740655385,7908.05053658234,8475.212129476902,8536.829931538343,8997.814298699057,9294.395915842717,9408.352339967723,9697.127006803312,10146.582276020896,10665.914907126955,10894.027293798003,11349.072914045963,11079.1503671671,11071.73391612378,11018.148216813095,10961.967615435064,10567.275024149178,9881.223486171091,9915.16493613893,0.003434944064906631,-0.10446141397062814,Kansas
Kentucky,4484.562179724721,4710.29196518177,4960.54579985119,5088.667220100124,5232.892091145965,5358.489218759467,5469.766722768462,5507.692966648735,5595.828373019329,5673.33925469177,5762.859963322634,6003.908276900629,6256.634276085224,6363.025548710834,6474.2856800401305,6531.414761056938,6629.068677922678,6331.608272509303,5956.5,5799.510005953199,-0.026356080592092934,-0.10422395727257272,Kentucky,7246.534410269983,7875.019379288272,8743.910088789682,9261.374340582224,9671.759568027383,10143.923724578975,10545.429740640016,10841.358606777836,11271.578122468354,11421.97746621412,11894.889457934056,12343.935739794926,12704.978413061224,12875.76934562663,13049.448796974208,13077.344328472867,13009.607125476634,12605.487673950252,11923.661387052129,11819.449764444382,-0.008739901211964107,-0.09425678062471321,Kentucky
Louisiana,2813.779447061937,2882.861538530465,2844.3496558779757,2824.579051157025,2765.591992796198,2920.868424910388,3102.3394848112403,3672.2485072619684,3997.4008444253764,4438.104198263293,4682.408256682777,5122.094999379106,5166.705793160952,5165.279563071148,5103.935980636712,5012.202092060847,4959.509517504283,4740.764642004374,4380.048943881307,4332.05391018744,-0.01095764780457853,-0.15123271008445915,Louisiana,5721.459474060349,5786.080056963644,5719.03904141865,5649.15810231405,5785.442314668165,6104.030549275882,6638.05279458029,7132.401210328132,7825.634775407892,8671.53766098825,9461.785045106815,10490.270328920704,11382.853927286944,11615.64075656821,11577.00555078889,11770.319162236507,11734.09124825966,11334.23747547909,10693.059042225086,10238.202209387091,-0.04253757797855995,-0.11564331860500565,Louisiana
Maine,4201.241464399152,4403.371345110086,4438.702449652777,4601.925138177503,4482.901042252081,4612.947888243053,4572.163978519278,4526.070077998924,4439.632460669703,4460.841748306537,4508.734532615458,4504.2916303696165,4505.91666957479,4516.500487516318,4581.839814791577,4502.193508447281,4533.8574610752885,4330.4136375183825,4016.1362253829316,3843.1925601750545,-0.04306220095693769,-0.16121193330066752,Maine,9067.881865934356,9497.314085381462,10036.382572420634,10817.474026728783,11474.29487303939,12179.550913828381,12545.400855170228,12733.905782678858,12471.730791854314,12328.445355687958,12329.376335778048,12352.061070223774,12343.406626331196,12351.755476909268,12435.943106374687,12583.543751570396,12761.364084302686,12450.453343562105,11743.491932592327,11753.639297239153,0.0008640840990969956,-0.054865465634511,Maine
Maryland,4821.309087083112,4843.395295314899,4736.031800347222,4796.621970946551,4728.636745772236,4838.178347557763,5002.732794901309,5041.354115115653,5176.2411467634165,5240.49098893099,5341.141520603384,5515.1291462580075,5628.203661465324,5651.863869737271,5700.726559612657,5694.617012152831,5696.434218304245,5480.168401985438,5130.2514433778515,4952.817195325543,-0.03458587751704467,-0.1311954461358925,Maryland,10960.464244309156,11175.98196658986,10946.574462301585,10787.974506612261,10499.87468451438,10657.107049599834,10851.175675399894,10823.683956428185,10935.908341463624,11132.069571861797,11215.843969540609,11823.450752614439,11924.152968668255,12089.748542550586,12066.354919772555,12120.09704685102,11976.77483987784,11644.054007579427,11048.765586984697,10851.57120443848,-0.01784763926736843,-0.10067528457525043,Maryland
Massachusetts,5441.376709767072,5477.593515360982,5429.29462313988,5448.561365521698,5575.217550963061,6116.8601324014035,6443.10469856367,6549.137748789671,6811.965317691227,6750.66818711363,6857.905106375514,7350.636786242666,7430.164265847104,7535.818492983028,7636.928113579637,7845.566796929643,8049.6118924825105,7720.214818533937,7201.335355763927,7060.631549917264,-0.019538571514246095,-0.07546182903537202,Massachusetts,11387.87378057173,11486.034429723499,11503.308501612102,11633.13575795063,11702.98532544832,13170.279832965874,13306.960683494146,13820.216984938137,14184.712293330833,14109.69338757831,14169.29493215313,14986.2846296396,15688.943106042134,15957.469954512073,16098.793627884308,16384.747044259162,16521.517051707946,15784.569305789046,15139.50262767821,14839.26694515564,-0.019831277810519077,-0.07823733329602256,Massachusetts
Michigan,3229.856154711487,3329.14917485919,3384.3968438740076,3435.21911756904,3487.1742898380417,3602.261839799195,3778.3465515739067,3889.782665411511,4052.0137849856696,4233.512696084057,4363.358720769743,4484.587794588573,4570.45903951472,4703.648297772519,4702.60316805824,4779.121097089991,4808.167949964355,4646.491595760022,4479.6703348133915,4423.513740549622,-0.012535876541484248,-0.05934785852318847,Michigan,10189.831898623608,11113.34510535074,11639.837285094245,12535.821073516217,12968.59522045675,13914.395654246118,14214.380957758554,14739.298803119955,14909.332772960091,15228.40657288684,14983.4358157418,15476.243092967694,15898.234650327391,16294.336012973235,16376.467514985541,16489.69536905584,16513.519043771143,16183.044505887237,15532.540708390565,15425.210439192759,-0.006910026583083595,-0.05808682946565369,Michigan
Minnesota,6144.012083774483,6284.043103814643,6468.4303640873,6557.743321902942,6480.036297450569,6755.488270205138,6926.968677885496,7016.836188811188,7151.631167517442,7053.785754564825,6953.033076607613,6955.496700113441,6849.006288372328,6799.70377264197,6632.510087989323,6703.515986217559,6654.7525804318675,6658.861522863606,6416.794444752607,6157.557688040825,-0.04039972901481592,-0.071609751609512,Minnesota,10463.438760852301,10873.759111111109,11404.704380208332,11501.862893432106,11813.77945767128,12527.37516745363,13165.307750417322,13620.357477138245,13801.089686468285,13737.498904709806,13647.200261115242,13975.771228018353,14037.529203239787,14148.374455368797,14043.364611676558,14213.314523600153,14212.202961959001,14051.239535568322,13605.992592272949,13377.234544460747,-0.016813036333866327,-0.047433794224921444,Minnesota
Mississippi,2502.936147961884,2611.9571136712743,2568.2581159474203,2520.7339939568437,2514.174538905635,2644.319633093592,2971.906586037531,2997.8926169983856,3017.0319602210852,3141.292974223205,3267.4211991672137,3335.536649405764,3530.063634149544,3855.244891277741,3885.818308704802,3990.7549848491426,4082.841537087364,4041.1578865482657,3899.8535922771725,3852.472770463218,-0.012149384763515791,-0.008581342613700027,Mississippi,6461.33128493912,6551.815685611878,6750.5898499503965,7016.460859714866,7026.904770602359,7059.121737509146,7424.857700086215,7712.945494889725,8203.92929050846,8618.440333017976,8860.370700264688,9222.167678145865,9532.21384595589,9918.833943578655,10249.705147883504,10292.886666889355,10239.243748301084,10013.672893085513,9519.109125126763,9389.115765660348,-0.013656042572648186,-0.08396235499524218,Mississippi
Missouri,3484.035310746426,3568.735169098821,3627.114681175595,3694.8148945944376,3673.2516144689107,3677.8138293161546,3618.461062754521,3719.834104357181,3846.882252149446,3919.87723247033,3976.0913981408444,4121.717180633088,4159.082145235019,4316.87615657637,4362.395730474474,4538.804022108263,4666.627474188496,4664.8371103263335,4510.921848039507,4476.5425120485515,-0.007621354824822957,0.026166076767561552,Missouri,9607.00071281101,9819.893920762926,9899.853788938492,10096.21075987981,10266.922919327644,10285.049138959712,10197.608677243457,10448.437533620225,10582.92226223246,10624.439171928723,10844.693331222372,11036.623552140958,10994.064922432948,10605.042581184724,10534.324157709556,10781.13369920292,11026.729005882991,11064.270417259113,10757.356156501726,11547.273511873627,0.07343043624101608,0.09615703285746569,Missouri
Montana,3830.496071201693,3867.826181515616,3901.6892346230156,4085.68353613836,4124.950768916364,4245.1665053114375,4248.1854880168385,4152.183243679397,4121.2789778914075,4160.997937791507,4099.86841121061,4193.325057392827,4228.983433675288,4541.4535288838115,4521.6180394967205,4559.0481207629855,4532.967707541139,4443.06334547051,4087.8371667259153,4112.054745822965,0.005924301313705804,-0.09057892331819828,Montana,7233.582606140814,7701.2020893497165,7976.314928323412,7820.322782890103,7579.454994124558,7818.918160387251,7870.854063635028,7995.73990048413,8198.60119874648,8172.599979564851,8126.6158664643,8194.831731352138,8194.56544039757,8621.275792468994,8649.084739557586,8622.388261957358,8512.141613051348,8199.163999328377,7803.534791810643,7862.923289564616,0.007610461071602792,-0.09089533443895736,Montana
Nebraska,2854.2538349655897,2922.0095768049146,3053.6937905505947,3178.5732925552948,3181.7802074286,3270.118187771806,3382.8403423891104,3386.7349246906933,3464.591668227392,3512.9447475785405,3570.009575235234,3734.1248667133455,3813.510806790163,3855.244891277741,3871.4083258735386,3915.978107472648,3997.4969099547843,3846.621404058353,3657.1763381478336,3550.8565690893643,-0.029071545703020396,-0.08279977977054265,Nebraska,7641.564436209634,8302.515957245261,7932.322320312499,8231.841088515592,8460.126301537832,8886.624578277871,9256.528300069705,9389.318101129638,9569.252804515796,9603.085696609245,9476.174522783986,9816.604113327478,10058.567294808843,10343.035646826043,10385.44787526146,10461.461645186682,10727.037000507917,10262.481777871853,9423.344165003326,9351.768463073851,-0.007595573362935593,-0.09953151993087106,Nebraska
Nevada,2574.171070672313,2572.8090753968245,2571.2920889136903,2600.3826982714545,2728.660615388545,2882.3796755338235,3145.8171177358104,3416.6458714362557,3596.4619393363932,3544.5429092064196,3487.96192074057,3619.308571651206,3708.0136089780704,4017.4396601664484,4143.99718774744,4260.572978048568,4415.424745363381,4286.619550515566,4093.099187592319,4060.2417787452387,-0.008027513466246639,-0.020211261062107133,Nevada,4652.935633403917,4727.517102022528,5529.415731026785,5823.205271001532,6245.66409467123,6476.0884599160045,7458.51780299556,8215.993235610542,8511.626589762796,8384.813170778298,8302.288825465346,8594.835595984001,8805.136085645945,9145.289661186356,9337.112972847262,9486.790412731194,9771.031474198875,9460.773268331432,8987.074436316814,8799.756171063806,-0.020843074860496857,-0.057550637262943516,Nevada
New Hampshire,7576.805415563789,8117.73721658986,7939.907252728173,8273.140416678723,7964.393581719714,8399.100419508055,8795.104389354108,9141.872996234533,8972.506527174053,8841.246703814244,8412.543931500786,8402.570445989004,8324.143145244656,8533.940147682766,8641.548604747408,8490.677700009044,8383.468242339113,8007.284198501782,7415.263907284768,7096.3645869640995,-0.04300579511504388,-0.17880869372584796,New Hampshire,13089.41704804129,13441.870421914999,13845.535631572418,14304.31730450174,14620.564140652938,15787.514790572253,16754.316223126167,18357.163770844538,19467.515275333848,19234.532140951607,19029.971412504794,19560.904663257366,20004.84254384904,20062.245259464748,20167.036859602984,20224.07273672205,20059.822186992835,19176.31703289134,17863.256025867133,17170.71241515686,-0.03876917006101377,-0.1485753442761898,New Hampshire
New Jersey,4536.369396241397,4614.7707517921135,4836.152908234127,4995.743731733078,5042.5534537372905,5408.382042025384,5500.621817102027,5589.268275954813,5541.215432459036,5600.335126022562,5736.419582643481,5935.425472491587,6015.783915184537,6076.065572984659,6133.389497874035,6266.2047810201875,6377.791007649608,6187.104185764066,5927.071416752843,5865.675284384694,-0.01035859500437486,-0.04364865684498542,New Jersey,12917.805643329802,13468.491087941624,14155.000874131943,14711.410682109748,15266.863245286871,15870.194326270059,16337.77244962303,16355.849515868744,16539.72885212592,16702.318535835668,16800.502157447263,17169.441578446625,17281.612060506486,17292.457667672974,17274.654372935613,17404.60614672909,17031.860223099015,16887.650794834237,16175.922546720067,16261.446099392871,0.005287089649804511,-0.05865288252193024,New Jersey
New Mexico,1683.7345367919531,1750.700271633384,1671.7191044146823,1685.8975746592582,1627.8214811219534,1722.015157292215,1858.3181814533878,2038.0231441635285,2121.912544208472,2119.963296868221,2137.076261314458,2136.650809216447,2184.7992607754,2195.867640339425,2243.254880109808,2228.5262270896283,2288.9559362350615,2211.0567825367348,2194.138127739061,2134.2783245922838,-0.027281693157786502,-0.04857965828305233,New Mexico,6328.575292615139,6650.46874206349,6152.897175595237,6265.698072749369,6420.377918561282,6822.487204305084,7192.0419882965825,7389.36343464228,7563.226256130385,7824.728004253322,7951.448798932168,8265.250823423225,8455.636647981148,8633.75231315274,8680.351539284402,8889.396800683096,9578.44987896594,9001.019078326024,9358.267473524962,9088.03328290469,-0.02887651922589085,0.046966040692621114,New Mexico
New York,5297.287888830068,5297.512539298514,5248.773231646825,5231.739892665258,5188.858525775302,5518.1462532104015,5555.319484329712,5782.329841312533,5931.498154024059,6063.432892827284,6266.94623416307,6584.131024245369,6617.631091349509,6674.938565804503,6691.92500121841,6674.907845456211,6708.631212687361,6485.372509538237,6003.819728196475,5896.825966751642,-0.017820948377637813,-0.11881469596894811,New York,8010.6908538909465,7839.003184075778,7647.128861483134,7486.9782055733995,7274.060911715116,8182.4230156103595,8124.707339743,8434.88698224852,8740.73453552793,9092.827905959202,9421.959107479595,9864.583440356595,9824.869196698859,9893.88090221116,9937.437101945688,10125.763821509892,10017.27733533178,9656.820900503199,8968.323084036054,8578.641364609031,-0.04345090110777461,-0.13673502769346968,New York
North Carolina,1934.6757417946,1949.5723060675878,1906.852009300595,1977.9428238128305,1917.5907500127723,2280.8147778704833,2490.847615291484,2814.3481710597093,2879.8335973501044,2958.167706857021,2971.387729858385,3002.638501100132,3094.6145051286353,3044.2710468342034,2991.501584130947,2941.4798159888282,2903.227177439011,2804.018351365895,2609.3042177890643,2526.103784842273,-0.031886060804856786,-0.15557330865458174,North Carolina,5773.266690577024,5723.443195724525,6169.584026909722,6351.246681087285,6237.141469115617,6470.386422971328,7465.530324435006,7734.698910704678,8259.87425400925,8554.33878807846,8620.699667015295,8992.694526882959,9173.09352006409,9207.67226460509,8803.014507517124,8690.066335245901,8583.83336780421,8326.606306289446,7724.964672059254,7436.823896306403,-0.03729994737646358,-0.15519576959053005,North Carolina
North Dakota,4856.926548438327,5073.585760368662,5012.123340277777,5096.042100129254,5450.219042814079,5528.124817863584,5441.716637010675,5337.744405594405,5286.7990508244975,5389.390030998018,5415.544020286431,5685.639275726525,5644.39575627186,5739.199514523498,5867.905575579143,5997.0058189880965,6257.314298311808,6175.001809708298,5865.705155353255,5644.070849000594,-0.03778476764219718,-0.03814559107939597,North Dakota,7457.001227368977,7945.485848182281,8361.629495039682,8559.285761808991,8674.612378020742,9030.601011130946,9213.050667145135,9328.13661915008,9332.152721107692,9548.805768260361,9706.70416776351,9919.4854093318,10053.136867810135,10218.270439988575,10558.032255730592,11090.656123880992,11402.970763145713,11387.179165841475,10841.432989690722,10418.926651210972,-0.03897144767499994,-0.013175334300017716,North Dakota
Ohio,5181.672640435301,5294.447278726851,5211.288137305297,5184.540660478821,4994.25857558882,4982.154780410838,5234.146002403051,5374.45329478214,5605.1525336027935,5741.623578485602,5853.514380140219,5849.946947572286,5505.945254590821,5477.192580164817,5727.5736289677725,5865.429950758723,5878.777104206275,5735.016450919826,5480.825806451613,5459.170260479558,-0.003951146549223239,-0.04686161817819989,Ohio,13334.061595408502,13060.109963959545,12809.894427331014,12481.24696130065,12036.788159709802,12123.956053617789,12701.078831125946,12845.392038730499,13011.200082754773,13051.215278140822,13030.391058704294,13167.119404398232,13133.798715538627,13050.440635199084,13159.491457174818,13558.91159256178,13824.543328945678,13602.022066742287,13176.006370799303,13016.051320020775,-0.012139873515317978,-0.010900127685088967,Ohio
Oklahoma,3409.5624370037053,3502.966464797746,3498.1708301091267,3666.7903504837413,3825.2384368773305,3854.5769746011174,3971.892143302637,4111.395589026358,4213.188560785559,4316.660731016894,4516.911754732517,4705.855644454617,5045.27302243302,5177.7560837548945,5339.423686953846,5376.506310224876,5385.472852070451,5172.621739726722,4882.250057647,4686.535164669908,-0.04008702763402017,-0.1222769648116111,Oklahoma,5723.078449576495,5947.369974654376,6723.2840932539675,7364.555197089831,8012.6884598681845,7727.685569272432,8064.399655363758,8254.061713286712,8528.942887989231,8642.120730113282,9148.312630697492,9612.390783604173,10234.733838757415,10592.566060500978,10718.157222917265,10685.617062948197,10649.523061421905,10420.640121540282,9868.520765681078,9648.812168860024,-0.022263579520966914,-0.09976948759165405,Oklahoma
Oregon,4635.12690272631,4644.5232608806955,4795.194273189483,4752.372690771767,4738.579808920451,5147.513851806448,5252.378558145613,5466.905311995696,5623.800854769723,5814.4869896230575,5889.1489603095615,6009.488149410351,6097.792487890346,6300.642945292101,6485.5614679811715,6710.235566648032,6899.6018799893645,6809.7235474465815,6460.15284337442,6421.510578658373,-0.005981633198613667,-0.009875920479516576,Oregon,8452.671169798834,8502.953913210444,8458.716629960316,8770.207330642126,8862.110140244213,9844.566784983475,10426.216876169423,10868.55037654653,11071.77468139411,11290.375766379411,11541.529221496972,12091.78374385418,12410.89800545343,12875.76934562663,12919.399209251127,13409.291466985285,14070.160192915084,13827.254898309098,13545.51004407896,13489.743366378034,-0.004116986183573257,0.04414633744876495,Oregon
Pennsylvania,4643.347056604563,4778.619905622777,4717.244506209935,4770.072402841681,4751.363747253869,4915.155846310892,4866.689878976042,5339.10399408284,5594.4963500788335,5841.827903040903,6069.069153201929,6357.90806926332,6659.099997954746,6649.985524437009,6676.053471284584,6767.997945815982,6591.464077579761,6356.055637856972,6077.896340035462,6016.38285771637,-0.010120850846681795,-0.09881146345001968,Pennsylvania,13354.929032689251,13534.2597922427,13730.244658854164,14442.965049049393,14705.79039620906,15344.181418123679,15891.776086074216,16430.62688273265,16486.447934506126,16806.384564318734,16968.00933022273,17280.84514148057,17768.42624311313,18103.431512116513,18041.9758642423,17946.17823057107,17758.573727731087,17282.070306598005,16554.113300063327,16149.534936413233,-0.024439748376528736,-0.10489100207587176,Pennsylvania
Rhode Island,3739.8334422975113,3867.826181515616,4074.6256937003964,4197.781712581145,4389.152161140346,4812.51918130672,5121.945659371903,4997.847283485744,5261.490614955093,5185.534996801985,5102.75866893924,5504.445716341022,5435.872550827913,5689.293431788511,5558.518495701035,5622.279196345102,5724.545572632505,5620.57012030852,5319.049999999999,5326.000844594595,0.0013067830899495814,-0.041830867574924824,Rhode Island,9605.381737294863,10082.968737967227,10295.787261036705,10650.801738070433,10975.721278036068,12121.10503514545,13069.937458840845,13614.919123184505,14547.022533145462,14303.669175487388,14156.866885361593,14703.96608796393,14555.973800003401,15271.261316906002,15303.599287495377,15692.826871855104,16237.374108973981,15913.206324646633,15357.828328090689,15102.13662531901,-0.016648949142373137,-0.013164397367682157,Rhode Island
South Carolina,4578.462759661195,4605.375222606245,4740.582759796626,4771.547378847507,4752.784184846471,4962.19765110447,5113.530633644567,5053.5904115115645,5658.433451222591,5896.078911626618,5997.136734662202,6156.99168763017,6351.365361256254,6762.27421059073,6850.551081493237,7010.867343843998,6960.882015913399,6670.701719444067,6215.437430581266,6054.744034196089,-0.025853915863512933,-0.11616686567698475,South Carolina,10703.047137241925,11564.330506272398,12003.914041046626,12347.024144770474,12971.436095641953,13570.847928329376,14113.400649030522,14079.898386229153,14311.254472677854,14658.138727984318,14792.043691165574,15246.289756280541,15554.285866620728,15720.416061520886,15791.832823909988,15625.63976866715,15483.826610487773,14806.106676665057,13720.80311300245,13131.874739812203,-0.04292229604491238,-0.1684388451776424,South Carolina
South Dakota,4913.59069150344,5004.685213005631,5232.086380332341,5304.013716950737,5595.103677259489,6149.646844833292,6430.4821599726665,6720.445898332436,7283.501438626444,7274.117230684948,7369.509458205397,7919.874633780924,8017.6370590112865,8184.597568537858,8136.825284176621,8362.092704278453,8344.621380458995,8168.142672716169,7619.012787189603,7290.921327454166,-0.04306220095693769,-0.1039599508628325,South Dakota,7039.305544203281,7192.277591781872,7537.90583469742,7880.796799128974,8093.6534026465015,8597.246203335553,8861.022090884908,9235.684601936524,9840.985484376768,10034.734458973377,9947.44979989821,10393.30243527615,10398.414802212728,10530.183457082245,10576.261706204801,10747.969990555799,10786.851526350445,10490.625750426363,9534.66478656922,9120.622815379726,-0.043424911148709056,-0.13763264670078013,South Dakota
Tennessee,3556.889208973001,3742.5524590373775,3777.296343005952,3882.136847334355,3944.555194655903,4235.187940658254,4482.40370409436,4829.258310919849,4873.87193927106,4940.020529717859,5098.501610136526,5365.824968333018,5430.931784625637,5389.85693537859,5572.445713043883,5551.586734980177,5398.878767233779,5233.528596575039,4848.060980521908,4766.87286014328,-0.016746513854676737,-0.1445636071455899,Tennessee,6971.308572525145,7458.484252048129,7543.973780629959,7913.246271257149,8076.608151535277,8692.75532215888,9147.132965614335,9748.249462076385,10224.608091239315,10549.609932734365,11530.255569207706,11952.72802350494,12152.451161575873,12226.9902700718,12151.454654220537,12308.82175334032,12348.18390039016,11929.344371719235,11105.49312613405,10889.156546035421,-0.01948014173180057,-0.10388041136677284,Tennessee
Texas,2237.4241633139222,2300.3387290066557,2442.3482378472218,2432.2354336072763,2360.7672789046132,2488.939126351165,2605.852966898411,2773.5605164066696,2858.521230302185,2893.476648571006,2958.3729959511534,2998.1231711704627,3105.2326566042475,3193.989295039164,3187.2947067877767,3305.49688655696,3383.4467960465636,3260.666792964442,3178.0339564850024,3156.6562159517935,-0.006726718727968928,-0.009612694668847066,Texas,8216.300744441502,8432.487444316434,9079.1641015625,9513.595237578491,9828.007703213609,10446.131682646816,10860.99320541512,10948.766097364172,11114.39941548995,11185.694344273681,11416.043879143546,11897.881222211327,12151.308885939949,12326.802435541775,12377.992472778227,12548.18743287184,12794.094534466427,12522.088828232363,11637.161775850294,11186.953988059955,-0.03868707821219952,-0.09622226603688866,Texas
Utah,3265.4736160667017,3374.5608992575517,3525.476586805555,3604.841358239044,3629.218049098247,3863.1300300181315,4020.979793378764,4101.878469607315,4194.54023961863,4348.2239509580095,4478.106777359844,4600.180433170583,4665.038572528047,4678.695256405025,4643.719412317113,4666.513823384642,4657.914583061304,4580.407365105273,4419.201648351649,4228.901098901099,-0.0430622009569378,-0.08932889276551448,Utah,5300.52583986236,5610.69684549411,5788.820419642857,5986.927607648232,6072.370708373779,6518.853737001076,6894.711079264041,7205.818988703603,7475.3127420577175,7763.717286207207,7958.767465692166,8209.807613651123,8358.772049311165,8459.081023580286,8510.459098452251,8560.420493867447,8533.064797804383,8337.39845322548,8067.238911241455,7719.747685297397,-0.043074369033479276,-0.09291054736384974,Utah
Vermont,7641.564436209634,7813.948439580131,7933.839306795634,8112.368032043675,8281.151164869972,8652.841063546148,8765.651799308433,8864.516944593866,9044.435765960781,9307.707120842042,9456.25150800892,9716.0047454402,9862.55166099322,9956.263505629895,9883.29920959989,9815.064001279055,10162.205180614425,9706.205428645235,9049.7,8660.000000000002,-0.04306220095693769,-0.12377437773124067,Vermont,14219.461958311274,14481.642318484379,14840.678764508926,15465.123421086897,16109.18273769989,17128.918981807332,17494.838487131743,17803.81125605164,18015.61027019434,18332.532696921837,18701.25452928607,19345.594993215942,19829.81706827877,19999.862656046014,20702.050780492984,20558.313214373695,20941.397512393483,20029.35001426579,18572.013566443522,17183.12206238428,-0.07478410992380147,-0.16997971628127306,Vermont
Virginia,3369.0880491000526,3430.934074372759,3598.2919379960313,3777.4135509207003,4062.451514841873,4400.547012053864,5027.977872083317,5415.24094943518,5583.840166554874,5683.854490406374,5890.7551590009225,6195.94883568154,6336.410419272726,6400.455110762075,6398.75719747984,6282.455482816065,6163.33496226389,5902.152213364317,5490.339499898353,5408.829707935217,-0.01484603856731359,-0.1547062123148707,Virginia,9032.26440457914,9431.545381080387,9945.36338343254,10336.63184882947,10768.337389516168,11312.8412982376,12354.660272017278,12963.676237224312,13188.359133840602,13608.419184012499,14447.184332501056,15248.858707913669,15740.299674507161,15994.899516563313,16430.486016437004,16316.668511941809,16387.117971806703,15937.158028742138,15277.857251253628,15162.443916600685,-0.007554288062448844,-0.07717617717259084,Virginia
Washington,4018.2972310746422,4123.071391065027,4153.508990823412,4246.455920773407,4207.336149287283,4494.630621641022,4712.414407308213,5185.470494889725,5651.773336520117,5652.512369183878,5548.837843133245,5383.045652259078,5356.881731391321,5377.380414694842,5459.868189357524,5530.980662349728,5573.906410519377,5407.819839263963,5154.236670442561,5126.631772196399,-0.00535576846993957,-0.061033784260703605,Washington,7955.645686341979,8224.219880696362,8601.313359374999,8829.20637087517,9137.67503320901,10436.153117993632,11496.327647828995,12907.933109198491,14112.783054544105,14192.61236719652,13803.611403500236,13272.9534167692,11812.250537162177,11840.218128875651,11989.647900880735,12099.175463815485,12599.67380990081,12304.016641933169,11690.132223145505,11506.445527432792,-0.015712969896869766,-0.040301631661130544,Washington
West Virginia,3369.239947321511,3291.417922731816,3347.9891682787693,3458.8187336622577,3521.264792060491,3751.9403095969456,3539.9208226327173,3680.406038192576,3893.5030550667693,4303.575690304702,4820.270770091663,4940.979298292872,5101.067460241828,5215.185645806135,5235.773666305598,5176.434837043334,5171.99517519522,4980.401845113012,4728.935473275604,4738.672738130785,0.0020590817764820635,-0.09494316596874064,West Virginia,5878.500099126521,6061.6822464157685,6319.765688740079,6498.744281669897,6685.999748377866,7099.03599612188,7329.487408509739,7526.681871974179,7838.955004812842,8208.80870280979,8638.023252014513,9216.742434222735,9546.021382117913,9868.927860843667,10102.382649139614,10143.200447378787,10109.404849700833,9856.73890800627,9356.760206456558,9222.98129843104,-0.014297567221312923,-0.08704890531774401,West Virginia
Wisconsin,4704.742849920593,4904.46623502304,4770.922489459324,4823.171539051422,4860.737441884227,4999.260891244866,5081.273035023112,5205.864322216245,5368.05245019469,5485.692689950541,5570.0570033945005,5763.113656535593,5522.636453321534,5564.528224951044,5541.467825468823,5319.818737030655,5390.749417901795,5260.784120378137,4943.966248925485,4866.167488576211,-0.01573610264151426,-0.12186307999279589,Wisconsin,8447.814243250396,8809.874533282127,9165.63233110119,9459.021125362926,9653.293879323557,10219.475714095935,10814.710563914772,11144.546839698762,11575.279352901205,11475.72970722038,11329.71482341736,11366.455441316859,11383.140210810005,11129.056449902087,10978.580604845249,10865.034545387978,10747.968247900704,10340.817075853034,9701.424946259576,9619.357255626019,-0.008459343971443989,-0.12380683789117097,Wisconsin
Wyoming,2729.5927202223393,2771.6811098310286,2776.0852641369042,2834.9038831978078,2866.4430618709443,3084.801987069829,3117.767031978023,3163.762412587412,3250.1359748077034,3420.1683187155213,3496.055526099257,3588.0226314980496,3821.973353571927,3992.486618798955,3953.4474212619753,4993.594949555221,5101.09356123516,5142.75218554426,4821.43880126183,4613.615742827099,-0.04310395029391256,0.16698548158619309,Wyoming,5250.337598861831,5369.544929723501,5332.2074882192455,5242.064724706041,5143.404522812036,5311.447413965889,5507.634338541475,5608.302514792898,5698.394139437441,5781.543323016694,6001.877352442857,6310.887013273309,6441.240135183556,6512.743796915795,6576.687089567394,6676.157912601125,6844.127631266161,6881.585930484742,6730.344034707157,6698.000271149674,-0.0048056627403729735,0.018445940931980598,Wyoming
,Public Two-Year In-District Tuition and Fees,,,,,,,,,,,,,,,,,,,,,,Public Four-Year In-State Tuition and Fees,,,,,,,,,,,,,,,,,,,,,,,
In Current Dollars,2004-05,2005-06,2006-07,  2007-08 ,2008-09,2009-10,2010-11,2011-12,2012-13,2013-14,2014-15,2015-16,2016-17,2017-18,2018-19,2019-20,2020-21,2021-22,2022-23 REV,2023-24,1-Year % Change,5-Year % Change,,2004-05,2005-06,2006-07,  2007-08 ,2008-09,2009-10,2010-11,2011-12,2012-13,2013-14,2014-15,2015-16,2016-17,2017-18,2018-19,2019-20,2020-21,2021-22,2022-23,2023-24,1-Year % Change,5-Year % Change,
Alabama,2728,2730,2786,2809,2835,2839,3417,4010,4088,4151.154738878143,4256.513778174554,4314.229968346338,4394.747469380164,4480,4760.45508625818,4846.069612827532,4929.24650811627,4929.24650811627,4979.528366370471,5072.1766537556005,0.018605835847996133,0.06548146381997277,Alabama,4510,4782,4906,5244,5968,6487,7373,8001,8734,9160.576993292852,9480.008876006528,9745.688079600777,10082.636595262811,10650,10776.72280958022,10922.474911046238,10996.146682936229,11337.74324063965,11683.454308579936,11890.061418202122,0.01768373497814424,0.10330957084951398,Alabama
Alaska,,,,,,,,,,,,,,,,,,,,,,,Alaska,3435,3793,4194,4425,4678,4922,5261,5455,5785,5885.0178090522095,6138.399140478109,6703.424657534247,7127.546873637394,7440,7820.547764705882,8233.166632921644,8610.372354324536,8815.47948784949,9023.64998545243,9162.659295897583,0.015404998051703922,0.17161349454940322,Alaska
Arizona,1393,1522,1660,1686,1821,1918,1979,2151,2204,2333.702542548061,2430.354651146268,2474.574426379149,2558.50724151922,2600,2582.330620221223,2603.1744373158344,2258.962788547686,2590.722153290578,2608.32804349626,2882.267546159578,0.10502494245168781,0.11614969965103072,Arizona,4078,4434,4674,4959,5584,6554,8075,9435,9728,10077.983471174748,10396.2150430091,10633.738493923798,10930.611573622486,11210,11544.774711801972,11878.855991319175,11810.53213726648,11820.299391655653,12183.645816049999,12582.526777648729,0.032739047705512725,0.08988933017340606,Arizona
Arkansas,1874,1980,2095,2138,2296,2378,2525,2663,2794,3006.0742683067906,3176.629153087795,3402.6409433702675,3532.5244698205543,3610,3670.2138207310963,3752.3602786327556,3886.542136221322,3887.0217143163604,4118.121750158529,4354.946734305643,0.057508009358391954,0.1865648561691018,Arkansas,4581,4980,5314,5599,5914,5980,6304,6654,6995,7251.4804387923505,7593.533669326488,7882.414267774148,8253.917265550892,8550,8701.223147458122,9035.805672803719,9077.836132602528,9250.078426534605,9477.986960662223,9733.973701560326,0.027008555926544275,0.1186902733788524,Arkansas
California,808,810,724,633,634,817,819,1119,1419,1424.9106914050344,1428.0738359652605,1422.4336454253585,1425.9610405217904,1420,1428.0470079210374,1427.8964778002994,1428.1477161247944,1428.1477161247944,1433.1476037063771,1435.9502725794998,0.0019556037814070226,0.005534316877963352,California,4195,4526,4549,4951,5436,6550,7485,8933,8986,9077.637291887993,9171.272623226603,9267.36686099706,9302.420325013523,9800,9874.91978417451,9854.080827860047,9923.508453758936,9943.269982304118,10352.71942227185,10641.455590086805,0.027889886322408852,0.07762450963305456,California
Colorado,2218,2388,2376,2459,2550,2768,3122,3394,3577,3744.868405981546,3900.0608476710026,4076.851080570709,4265.279750071002,4320,4509.659050211303,4700,4782.928383952006,4798.016497937758,4870.498812351544,5117.620384366228,0.05073845237124086,0.1348131482637116,Colorado,3733,4427,4772,5435,5792,6270,7078,7872,8441,9096,9282.857810765005,9748.188183040149,10286.608079621912,10810,11157.444649780773,11408.245799259166,11482.673362211062,11768.744968758385,12184.772916564598,12702.97388662976,0.04252857017636269,0.1385200003550413,Colorado
Connecticut,2406,2536,2672,2828,2984,3200,3408,3490,3598,3785.999999999999,3866.000740553488,4048.190881649874,4187.4187050359715,4310,4404.572325882136,4509.205703961801,4514.562094945023,4514.562094945023,4740,4972,0.048945147679324785,0.12882696255968984,Connecticut,6336,6754,7135,7574,8038,8456,8977,9217,9635,10231.568671685343,10645.943105855498,11173.927647557777,11780.552284361556,12180,12743.61959302462,13644.095798279945,14221.287448989748,14913.56945722171,15779.904759327903,16403.363186233393,0.03950964447595595,0.28718242619325984,Connecticut
Delaware,2508.7095576903926,2679.4205630953597,2857.5537861266303,2996.101848484285,3254.6424291338367,3417.9312169125014,3573.7977870648633,3817.4939324618094,3850.893911780173,4050.0567514193017,4293.7537215864595,4413.745476128299,4532.500960430273,4720,4854.999999999999,4945.0010801469,4945.437659623868,4944.998839099141,4995,4995,0,0.028836251287332804,Delaware,6629,7050,7403,7808,8291,9012,9623,10438,10908,11258.740854595757,11495.167471258646,11675.707957995322,11929.302193645992,12180,12726.463291371867,13274.73789316026,13592.907241395329,13900.7431836128,14190.184640823076,14775.427154142937,0.04124276943065319,0.16100025716965694,Delaware
District of Columbia,,,,,,,,,,,,,,,,,,,,,,,District of Columbia,2520,2520,3210,3770,3770,5370,7000,7000,7244,7255,7338.00105764146,7421,7844.001032524522,8060,8252,8443.998917748919,8635.997521685253,8635.997521685253,8635.998498498499,8635.998498498499,0,0.046533991577617284,District of Columbia
Florida,1780,1919,2031,2031,2292,2553,2773,2985,3091,3141.323171904571,3175.7342944929183,3234.3616706501152,3233.502648936369,3240,3246.271597356823,3237.8515766114465,3235.0344092681007,3242.1787683912194,3242.428142097557,3242.47900131001,1.568553263919803e-05,-0.0011682928963494543,Florida,3054,3213,3315,3386,3825,4316,5034,5624,6235,6314.928741744749,6334.258766632706,6360.160012511719,6354.635877987315,6360,6353.354812803549,6364.659914412071,6365.477545385003,6365.505532026047,6364.295165780574,6364.323621894133,4.47121210078727e-06,0.0017264593925210292,Florida
Georgia,2075,2208,2236,2120,2104,2596,2800,3125,3315,3426.85845142606,3599.4128782031034,3678.4524705949866,3769.7578381845883,3790,3801.72391677997,4060.6403108206982,4011.5002103827255,4025.8496649895374,3989.805482442062,4033.96674584323,0.011068525419474451,0.06108882026866591,Georgia,3411,3678,3909,4181,4453,5008,5872,7298,7539,7823,8049.364904843995,8446.962360130228,8415.37613084362,8580,8543.72978251027,8789.624939902871,8864.861974752848,8885.222235886029,8291.028721884359,8306.421506106206,0.0018565590276171662,-0.027775723535856,Georgia
Hawaii,1458,1525,1732,1946,2192,2443,2710,2965,3097,3252.1779598525195,3492.227742845492,3663.807943426091,3844.1638854733883,3850,3920.4003994008986,4018.260728569884,4017.141443948152,4017.141443948152,4018.677483545079,4018.677483545079,0,0.02506812420465998,Hawaii,3386,3491,4227,5017,5823,6638,7458,8368,8613,9073.13143735588,9696.33720636854,10174.734509840664,10650.808494058054,10610,10801.173821060533,10981.488796567459,10999.251322206195,10999.251322206195,11102.470627727425,11102.470627727425,0,0.027894820661011233,Hawaii
Idaho,1798,1876,1979,2092,2232,2418,2554,2791,3114,3697.174758211242,3749.166369266296,3871.6231762359607,4015.887757635957,4100,4191.50406504065,4188.3209058271195,4175.476493011436,4175.476493011435,4200.054693274205,4200.054693274205,0,0.0020399904427796933,Idaho,3591,3922,4156,4382,4612,4886,5330,5682,5989,6325.297744867048,6598.520083126086,6818.470480019078,7013.001151470743,7250,7591.445427728614,7998.520468044243,7991.936913644087,8000.343502991801,8185.590386240859,8598.041233324759,0.05038742810502561,0.13259606687277747,Idaho
Illinois,1990,2147,2301,2440,2597,2729,3010,3152,3249,3393.4140102222673,3543.738197219477,3748.4011405903852,3895.763741402064,4060,4138.304526907384,4189.1752577319585,4383.392506626549,4419.322874131385,4480.486644289261,4577.315225638849,0.02161117508809096,0.10608467691949808,Illinois,6494,6914,8058,9099,10021,10410,10969,11630,12168,12580.43192843904,12790.8631634419,13027.02311790372,13440.083042098175,13700,14000.016840403498,14196.886897516253,14450.058563834578,14667.4565276151,15012.273550724638,15362.03804347826,0.023298569105592914,0.09728711176575322,Illinois
Indiana,2584,2728,2882,3003,3137,3279,3441,3538,3660,3808.9867644428546,4178.0881057268725,4323.871982378855,4458.214398429007,4580,4699.681733945694,4805.006238303182,4967.261232783924,4997.234590200947,5053.552877099198,5318.472943668365,0.05242253776935524,0.13166662015709618,Indiana,5847,6155,6555,6875,7222,7643,7988,8343,8715,8925.516284247453,9033.342924673723,9119.648237591204,9244.90311272198,9380,9487.1862480133,9691.221662376143,9812.324384267826,9936.87199814175,10094.88883092173,10371.154347792732,0.02736687065089538,0.09317494952357896,Indiana
Iowa,2920,3090,3202,3331,3512,3701,3912,4111,4251,4387.445458671643,4523.367695602654,4736.372044918642,4913.213602071838,5070,5323.572861572132,5481.364415034765,5668.810639921509,5785.784367164504,6044.506978838361,6289.734353894642,0.04057028570151622,0.18148741783862565,Iowa,5407,5619,5900,6218,6433,6712,7155,7562,7831,7837.49092075126,7855.113613387201,7877.4261704272785,8269.719247867979,8760,9080.540082959451,9369.003152628333,9373.8189346885,9667.797854319593,10115.159517660539,10567.220722732478,0.04469145585718781,0.1637216097490648,Iowa
Kansas,1767,1848,1887,1928,1984,2121,2281,2362,2517,2543.5973798320883,2678.8598567990953,2779.030823638862,2947.170010898134,3030,3143.4175882043182,3229.7646246764452,3285.4540706820458,3386.856957249218,3477.1115628759903,3583.759283076796,0.030671354160576536,0.1400837408700839,Kansas,4242,4699,5213,5746,6010,6312,6627,6920,7280,7729,8256.389654404236,8442.979153627653,8906.602203376397,8880,9090.802456134665,9210.730170192513,9276.817365642055,9362.93445216804,9455.71625470918,9915.16493613893,0.04858951654782717,0.09068093647200182,Kansas
Kentucky,2770,3008,3270,3450,3684,3759,3900,4051,4201,4321.577247063797,4460.978527886453,4653.088435993086,4910.123765275446,5100,5315.920036347115,5460.000883080184,5610.001925456902,5610.001925456902,5700,5799.510005953199,0.017457895781263,0.09097013617578553,Kentucky,4476,5029,5764,6279,6809,7116,7519,7974,8462,8700.512294174112,9207.727899192754,9566.67257334121,9970.698891851562,10320,10714.668729707793,10932.135562349575,11009.679423962823,11168.854275022628,11410.202284260411,11819.449764444382,0.035866803233497446,0.10310921061641798,Kentucky
Louisiana,1738,1841,1875,1915,1947,2049,2212,2701,3001,3380.6563052706038,3624.610492845787,3969.6744038155803,4054.762318480824,4140,4190.7504371249,4190,4197.099063882317,4200.46497273943,4191.4343960586675,4332.05391018744,0.03354925804421538,0.03371794030271169,Louisiana,3534,3695,3770,3830,4073,4282,4733,5246,5875,6605.4078859804795,7324.283461741926,8130.063503092088,8933.11309543279,9310,9505.67194741999,9839.514924565468,9930.244759034838,10042.487046632124,10232.59238490439,10238.202209387091,0.000548231012404754,0.07706243872280094,Louisiana
Maine,2595,2812,2926,3120,3156,3236,3260,3329,3333,3397.9762776025236,3490.1712111604315,3490.8706680697005,3536.1837606837603,3620,3762.0666245658354,3763.653271338426,3836.8812154696134,3836.8812154696134,3843.1925601750545,3843.1925601750545,0,0.021564194286054494,Maine,5601,6065,6616,7334,8078,8544,8945,9366,9363,9391,9544.06031834683,9572.969784976263,9686.942139493158,9900,10210.930193250324,10519.338077487857,10799.598037477093,11031.489034698823,11237.79132305486,11753.639297239153,0.04590296788355608,0.1510840907529265,Maine
Maryland,2978,3093,3122,3252,3329,3394,3567,3708,3886,3991.8618655632345,4134.530040545522,4274.279764098784,4416.939737008649,4530,4680.764494747046,4760.471513851063,4820.738551005573,4855.599709231888,4909.331524763495,4952.817195325543,0.008857757994688242,0.05812142458434,Maryland,6770,7137,7216,7314,7392,7476,7737,7961,8210,8479.67949998838,8682.08483959031,9163.291548305337,9357.917418320303,9690,9907.467951475523,10131.915212825239,10135.621333392704,10316.994133428327,10572.981422951863,10851.57120443848,0.026349216965599886,0.09529208245607812,Maryland
Massachusetts,3361,3498,3579,3694,3925,4291,4594,4817,5114,5142.2156740902765,5308.643211969591,5696.816381896439,5831.094568062827,6040,6270.5449189985275,6558.579298150163,6812.169312169312,6840.3505291005295,6891.230005515719,7060.631549917264,0.024582192767612865,0.125999676443578,Massachusetts,7034,7335,7583,7887,8239,9239,9488,10165,10649,10747.837767039675,10968.32490289799,11614.519158622898,12312.474886295005,12790,13218.431165514616,13696.991632517851,13981.714019682648,13985.619511942787,14487.562323137045,14839.26694515564,0.024276314688007394,0.12261937588097438,Massachusetts
Michigan,1995,2126,2231,2329,2455,2527,2694,2861,3042,3224.8119354791793,3377.6370910802543,3475.6,3586.8357583113957,3770,3861.2232514143957,3995.153632876296,4069.022779482331,4116.936120639441,4286.765870634825,4423.513740549622,0.03190000901414902,0.1456249619674943,Michigan,6294,7097,7673,8499,9130,9761,10135,10841,11193,11600,11598.544103690363,11994.24182504008,12476.724120007486,13060,13446.42422188569,13784.724224464733,13974.945521405549,14338.680937031824,14863.675319034035,15425.210439192759,0.03777902222067753,0.14716077558272733,Michigan
Minnesota,3795,4013,4264,4446,4562,4739,4939,5161,5369,5373.110729696039,5382.280925762335,5390.578897816427,5375.0094797134125,5450,5445.835264377501,5603.870607440502,5631.737519026729,5899.958487136622,6140.473152873308,6157.557688040825,0.002782283179517231,0.13069114086481282,Minnesota,6463,6944,7518,7798,8317,8788,9387,10018,10361,10464.324453902791,10564.176071962122,10831.361254364048,11016.467113961275,11340,11530.755207032615,11881.761102214088,12027.403826288171,12449.83540625043,13020.088605045885,13377.234544460747,0.02743037703110951,0.16013516064428845,Minnesota
Mississippi,1546,1668,1693,1709,1770,1855,2119,2205,2265,2392.830683012258,2529.281624716431,2585.073971048936,2770.3472151512065,3090,3190.575829628864,3336.1111701788336,3455.1986104288017,3580.591620464594,3731.9173131838975,3852.472770463218,0.032303892922125765,0.20745375636828145,Mississippi,3991,4184,4450,4757,4947,4952,5294,5673,6159,6564.9618287054,6858.733978364097,7147.271377057375,7480.755255204265,7950,8415.849354665232,8604.440591607105,8665.19566081672,8872.425739762595,9109.195335049535,9389.115765660348,0.03072943551158258,0.11564684323342811,Mississippi
Missouri,2152,2279,2391,2505,2586,2580,2580,2736,2888,2985.9050373407517,3077.8569087064434,3194.371676766919,3263.992616782621,3460,3581.8850165352324,3794.2581929720714,3949.240894543182,4133.190817331173,4316.671624918188,4476.5425120485515,0.03703568420806014,0.2497728127461567,Missouri,5934,6271,6526,6845,7228,7215,7271,7685,7945,8093,8394.780438878412,8553.492667510649,8627.99663054556,8500,8649.544926938806,9012.595535844936,9331.623182682102,9803.287833534914,10294.120723925098,11547.273511873627,0.1217348058718617,0.3350151492837401,Missouri
Montana,2366,2470,2572,2770,2904,2978,3029,3054,3094,3169.5749550263963,3173.671591184306,3249.868491160087,3318.850222717149,3640,3712.6196032672115,3811.181447821999,3836.128241065172,3936.692361597758,3911.8059011731248,4112.054745822965,0.05119089487282258,0.10758849148031202,Montana,4468,4918,5258,5302,5336,5485,5612,5881,6155,6225.349928057554,6290.740902157333,6351.075833514927,6430.98649201801,6910,7101.608599822126,7207.970898624881,7203.595732537209,7264.714404882117,7467.497408431237,7862.923289564616,0.05295293181982497,0.10720313278903593,Montana
Nebraska,1763,1866,2013,2155,2240,2294,2412,2491,2601,2675.930595684515,2763.5125893795403,2893.9837909761704,2992.792804451922,3090,3178.7440507667898,3273.60069864302,3382.9737556561086,3408.2262443438913,3499.6902757395537,3550.8565690893643,0.014620234740343685,0.11706274943174866,Nebraska,4720,5302,5229,5581,5956,6234,6600,6906,7184,7315,7335.422228145048,7607.965507432128,7893.830474899651,8290,8527.305277359765,8745.362514963826,9078.001926230576,9092.878152901061,9017.554224883566,9351.768463073851,0.037062625835732055,0.09668507915426217,Nebraska
Nevada,1590,1643,1695,1763,1921,2022,2243,2513,2700,2700,2700.0002314021453,2805.00002404011,2909.9999999999995,3220,3402.5618839816416,3561.668194963673,3736.6548042704626,3798.078291814947,3916.84132783954,4060.2417787452387,0.0366112484277723,0.19328962034747388,Nevada,2874,3019,3645,3948,4397,4543,5318,6043,6390,6387,6426.7277737838485,6661.082794152888,6910.154252721685,7330,7666.536261601554,7930.576441102757,8268.960248746884,8382.539469804595,8600.071230925181,8799.756171063806,0.023218986770780825,0.14781380675626266,Nevada
New Hampshire,4680,5184,5234,5609,5607,5892,6271,6724,6736,6734.681089145841,6512.075268559752,6512.07539683335,6532.6773596545345,6840,7095.420814479638,7097.8661493695445,7094.702931372737,7094.702931372737,7095.946322760544,7096.3645869640995,5.894410477913503e-05,0.00013301148855560108,New Hampshire,8085,8584,9127,9698,10293,11075,11946,13502,14615,14651.603355027959,14730.931238615665,15159.895036429873,15699.535638609621,16080,16558.792832732983,16906.513985357615,16976.086168504997,16990.813525969654,17094.024905136015,17170.71241515686,0.004486217286240324,0.03695435945150849,New Hampshire
New Jersey,2802,2947,3188,3387,3550,3794,3922,4111,4160,4265.967496397527,4440.511264890382,4600.013583652972,4721.107590004676,4870,5036.0162856248035,5238.295972555102,5397.352414259201,5481.966808629327,5671.838676318511,5865.675284384694,0.03417526822042816,0.16474509844778185,New Jersey,7979,8601,9331,9974,10748,11133,11649,12030,12417,12722.729334049114,13005.118961605136,13306.487437274875,13562.380400737975,13860,14183.90936704704,14549.552954041103,14413.603673154279,14962.984031530617,15479.351719349348,16261.446099392871,0.050525008684045636,0.14647137672583388,New Jersey
New Mexico,1040,1118,1102,1143,1146,1208,1325,1499,1593,1614.8488107386768,1654.2916841385556,1655.9255594178808,1714.6015412302154,1760,1841.8964119197246,1862.9585798816565,1937.081637475001,1959.0651021765973,2099.6537107550826,2134.2783245922838,0.016490630650112914,0.15873960705956458,New Mexico,3909,4247,4056,4248,4520,4786,5128,5435,5678,5960.363903794297,6155.145636607423,6405.651327989045,6635.871720116617,6920,7127.281209180817,7431.179332106231,8105.983641842445,7975.182953077916,8955.279878971256,9088.03328290469,0.014824037408943891,0.2751051931553061,New Mexico
New York,3272,3383,3460,3547,3653,3871,3961,4253,4453,4618.724961154158,4851.187216755064,5102.766817382961,5193.429287638021,5350,5494.619785682462,5579.955348720206,5677.33355149822,5746.241823547892,5745.282036551651,5896.825966751642,0.026377108945368377,0.07320000232176649,New York,4948,5006,5041,5076,5121,5740,5793,6204,6562,6926.319126317598,7293.454558430255,7645.149961535941,7710.4273007976335,7930,8159.4516539537135,8464.732593150875,8477.351475661173,8556.243771559984,8582.12735314455,8578.641364609031,-0.0004061916576244551,0.051374740415576436,New York
North Carolina,1195,1245,1257,1341,1350,1600,1776,2070,2162,2253.3378811041566,2300.124754945642,2327.0746058347686,2428.6125024244984,2440,2456.268381679948,2458.959196500725,2456.9228117539246,2484.4475010367196,2496.9418352048465,2526.103784842273,0.01167906645892458,0.02843150352917112,North Carolina,3566,3655,4067,4306,4391,4539,5323,5689,6201,6516.133481646274,6673.206767936193,6969.4274098834585,7198.922376863469,7380,7227.997575861456,7264.547054548077,7264.26652986088,7377.6322539759185,7392.310690965794,7436.823896306403,0.006021554991595401,0.028891310249236968,North Carolina
North Dakota,3000,3240,3304,3455,3837,3878,3880,3926,3969,4105.283376849435,4192.124352331607,4406.426804835924,4429.647078689632,4600,4818.032191069574,5013.256433007986,5295.396226415094,5471.243726901381,5613.114981199287,5644.070849000594,0.005514917813903786,0.17144730985029888,North Dakota,4606,5074,5512,5803,6107,6335,6569,6861,7006,7273.653115423902,7513.873171398929,7687.699531777487,7889.568747669746,8190,8669.011221681136,9271.343873517786,9650.02642833117,10089.395031473741,10374.577023627486,10418.926651210972,0.004274837179625068,0.20185871084735818,North Dakota
Ohio,3200.5874015748036,3381.0425196850397,3435.2897637795277,3515,3516,3495,3732,3953,4208,4373.591760349692,4531.153303857956,4533.76687942566,4320.992957540691,4390,4702.808142641987,4903.264282301549,4975.050414512214,5081.403009702692,5244.809384164223,5459.170260479558,0.04087105185606177,0.16083201672196124,Ohio,8236.11071472506,8340.207159552223,8444.303604379384,8462,8474,8505,9056,9448,9768,9941.55865893288,10086.709566568928,10204.648074266313,10307.231389247965,10460,10805.022787456097,11334.70648815654,11699.337940522124,12051.814752318822,12608.618536650052,13016.051320020775,0.03231383217649264,0.20462969639745077,Ohio
Oklahoma,2106,2237,2306,2486,2693,2704,2832,3024,3163,3288.148647734955,3496.5011259100734,3647.0847772458364,3959.46348733234,4150,4384.105175885349,4494.543720718106,4557.580338582141,4583.103797738066,4672.009624542584,4686.535164669908,0.003109056122448939,0.06898328772951601,Oklahoma,3535,3798,4432,4993,5641,5421,5750,6071,6403,6583,7081.627260018354,7449.698152371587,8032.083646799854,8490,8800.486964867956,8932.74745738433,9012.403971427286,9233.011366188959,9443.560541321607,9648.812168860024,0.021734559400589326,0.09639525714640906,Oklahoma
Oregon,2863,2966,3161,3222,3336,3611,3745,4021,4222,4429.094321641912,4558.737714722945,4657.41289250572,4785.46683237533,5050,5325.178383909098,5609.4879072792855,5838.946873568335,6033.626934703642,6181.964443420497,6421.510578658373,0.03874919330744864,0.20587708349114142,Oregon,5221,5430,5576,5946,6239,6906,7434,7994,8312,8600.266762195697,8934.194889994686,9371.252276709005,9739.908480493137,10320,10607.887342036385,11209.630061737398,11907.1968641115,12251.378048780489,12962.210568496612,13489.743366378034,0.04069774943816595,0.27167106242932837,Oregon
Pennsylvania,2868.0773799827566,3051.634332301653,3109.6153846153843,3234,3345,3448,3470,3927,4200,4449.920833866223,4698.012332245194,4927.441784548422,5225.9735366475325,5330,5481.58795666651,5657.774940457191,5578.178167010654,5631.663051788461,5816.168746445419,6016.38285771637,0.03442371086521745,0.0975620395545167,Pennsylvania,8249,8643,9051,9792,10353,10764,11331,12085,12377,12802,13134.784770903665,13392.826303056028,13944.425727636262,14510,14813.943303073738,15002.285503451314,15028.60170052711,15312.451990570285,15841.256746472083,16149.534936413233,0.01946046294652759,0.09015773896355972,Pennsylvania
Rhode Island,2310,2470,2686,2846,3090,3376,3652,3676,3950,3950,3950.0000000000005,4266,4266.000827129859,4560,4564,4700,4844.528431540973,4980,5090,5326.000844594595,0.046365588328997065,0.16695899311888596,Rhode Island,5933,6439,6787,7221,7727,8503,9319,10014,10921,10895.595782888258,10958.704462659382,11395.719489981786,11423.335571220769,12240,12565.51133222775,13118.574108818011,13741.251515326447,14099.595912948103,14696.486438364296,15102.13662531901,0.02760184814622013,0.2018720309921156,Rhode Island
South Carolina,2828,2941,3125,3235,3346,3481,3646,3717,4248,4491.2456892660475,4642.330088254026,4771.729596942953,4984.467467030001,5420,5624.864819666648,5860.8040201005015,5890.806598852374,5910.449269692229,5947.787014910303,6054.744034196089,0.017982657922628986,0.07642480811741836,South Carolina,6611,7385,7913,8371,9132,9520,10063,10356,10744,11165.60740815477,11450.38916611162,11816.025709401922,12206.797667158724,12600,12966.391146142132,13062.40838421496,13103.544603115728,13118.671179525221,13129.955132059762,13131.874739812203,0.00014620063306636233,0.012762502056657965,South Carolina
South Dakota,3035,3196,3449,3596,3939,4314,4585,4943,5468,5540.944777911164,5704.671580316497,6137.981357034468,6292.1354401805875,6560,6681.001534078458,6990.374248162175,7061.827880512091,7237.228544333807,7290.921327454166,7290.921327454166,0,0.09129167090661916,South Dakota,4348,4593,4969,5343,5698,6031,6318,6793,7388,7643.801678590508,7700.232219245052,8054.91242419969,8160.538300391657,8440,8683.97909702933,8984.87200501374,9128.62134525461,9295.020810852475,9124.081135472938,9120.622815379726,-0.00037903215040102634,0.05028152572358957,South Dakota
Tennessee,2197,2390,2490,2632,2777,2971,3196,3552,3659,3762.9832031641135,3946.704648727937,4158.567546038907,4262.123379211705,4320,4575.435388764456,4640.903936497651,4568.925402803493,4637.069167907306,4639.292804327185,4766.87286014328,0.027499893021862842,0.04184027422809278,Tennessee,4306,4763,4973,5365,5686,6098,6522,7170,7676,8036,8925.468056250094,9263.482714871237,9537.08281829419,9800,9977.341819543242,10289.681501108525,10449.934798200431,10569.770272326183,10627.266149410574,10889.156546035421,0.02464325189026839,0.09138854245788708,Tennessee
Texas,1382,1469,1610,1649,1662,1746,1858,2040,2146,2204.06048149402,2290.0501654404616,2323.5751803753105,2436.945487157677,2560,2617.030608610898,2763.2628733409674,2863.3197154400646,2889.052228045434,3041.1808196028733,3156.6562159517935,0.03797057892927236,0.20619766752645097,Texas,5075,5385,5985,6450,6919,7328,7744,8053,8344,8520.527329799108,8837.057805046266,9220.975900129844,9536.186375494603,9880,10163.347965730743,10489.781612559676,10827.29693416392,11094.960302919262,11136.039976890235,11186.953988059955,0.004572003268251246,0.1007154360729019,Texas
Utah,2017,2155,2324,2444,2555,2710,2867,3017,3149,3312.191435768262,3466.4625388306813,3565.1854408604545,3661.060523938573,3750,3812.8748540113197,3901.0184667039734,3941.8674099143936,4058.3834361935096,4228.901098901099,4228.901098901099,0,0.1091109099613119,Utah,3274,3583,3816,4059,4275,4573,4916,5300,5612,5913.889945672178,6160.810951308265,6362.682290764165,6559.853665207877,6780,6987.785568290601,7156.168328910465,7221.302459146052,7387.194431938479,7719.845848077948,7719.747685297397,-1.27156399859496e-05,0.10474879485831923,Utah
Vermont,4720,4990,5230,5500,5830,6070,6250,6520,6790,7090,7320,7530,7740,7980,8115,8205,8600,8600,8660.000000000002,8660.000000000002,0,0.06715958102279762,Vermont,8783,9248,9783,10485,11341,12016,12474,13095,13525,13964.519417475729,14476.474429474842,14993.027907616168,15562.177962069201,16030,16998.083182640148,17185.92562432139,17722.13957558521,17746.627287974916,17772.261786070358,17183.12206238428,-0.033149394870372606,0.010885867409632821,Vermont
Virginia,2081,2191,2372,2561,2860,3087,3585,3983,4192,4329.587063041955,4559.981058812387,4801.921772895161,4972.731026509207,5130,5253.904951811232,5251.880907734108,5215.8640505096255,5229.490495341582,5253.913397031917,5408.829707935217,0.029485889697157264,0.02948754451116886,Virginia,5579,6023,6556,7008,7581,7936,8809,9535,9901,10366,11183.436610621076,11818.016672385604,12352.778841456167,12820,13490.777846114008,13640.080708901756,13867.975705349498,14120.817867988682,14619.959092108737,15162.443916600685,0.03710576897474094,0.12391176324708342,Virginia
Washington,2482,2633,2738,2879,2962,3153,3360,3814,4243,4305.712693491811,4295.305912425721,4171.913746803588,4204.009877581044,4310,4483,4623.678085916258,4717.046573898085,4791.496631671996,4932.283895160346,5126.631772196399,0.0394032219489131,0.14357166455418224,Washington,4914,5252,5670,5986,6433,7321,8197,9494,10595,10811,10685.252543044608,10286.670483068387,9270.097871246842,9490,9844.485191861962,10114.425608194622,10662.76392173726,10901.741560954635,11186.72940013924,11506.445527432792,0.028579946457770955,0.1688214572098401,Washington
West Virginia,2081.0938236680813,2101.904761904762,2207,2345,2479,2632,2524,2707,2923,3278.181323081851,3731.3286355790196,3829.3079399334592,4003.2502236135956,4180,4299,4327.291990394123,4376.9199417000555,4412.790990551928,4525.297103613018,4738.672738130785,0.04715174045642345,0.10227325846261559,West Virginia,3631,3871,4166,4406,4707,4980,5226,5536,5885,6252.931355413789,6686.61680066289,7143.0667592323025,7491.591226823733,7910,8294.88548906199,8479.308913308914,8555.316504854369,8733.377346278317,8953.837518140248,9222.98129843104,0.030059042253727908,0.11188771811170617,West Virginia
Wisconsin,2906,3132,3145,3270,3422,3507,3623,3829,4030,4178.640417752073,4311.731475237882,4466.470218026522,4334.091989375087,4460,4550,4447.155182243168,4562.045753848123,4661.2184100009135,4731.068180789938,4866.167488576211,0.028555772739617513,0.06948736012663992,Wisconsin,5218,5626,6042,6413,6796,7169,7711,8197,8690,8741.45722118852,8770.231252539656,8809.115651501072,8933.337766952358,8920,9014.315940347404,9082.733279506994,9095.715476033856,9162.285664166995,9283.660235655097,9619.357255626019,0.0361599855498409,0.06712004763117907,Wisconsin
Wyoming,1686,1770,1830,1922,2018,2164,2223,2327,2440,2605.259605278524,2706.2654191644856,2780.753110259646,2999.434099153567,3200,3246.104882909816,4174.445174861951,4316.9178192060435,4556.638443397732,4613.817034700316,4613.615742827099,-4.362805713864493e-05,0.4212774723075008,Wyoming,3243,3429,3515,3554,3621,3726,3927,4125,4278,4404,4645.999758220503,4891,5055,5220,5399.999999999999,5581.000354735722,5792.00051394064,6097.299241937556,6440.520607375271,6698.000271149674,0.03997808243631007,0.24037042058327307,Wyoming
